{"cameraMode":{"drawMode":0,"name":"Shaded","section":"Shading Mode"},"sceneLighting":true,"audioPlay":false,"sceneViewState":{"m_AlwaysRefresh":false,"showFog":true,"showSkybox":true,"showFlares":true,"showImageEffects":true,"showParticleSystems":true,"showVisualEffectGraphs":true,"m_FxEnabled":true},"in2DMode":false,"pivot":{"x":1.239854097366333,"y":3.6329457759857179,"z":-3.5519306659698488},"rotation":{"x":-0.27950194478034975,"y":0.0581381730735302,"z":-0.01695779711008072,"w":-0.9582349061965942},"size":1.9170711040496827,"orthographic":false}